epoch,timestamp,checkpoint_dir_name,should_checkpoint,done,training_iteration,trial_id,date,time_this_iter_s,time_total_s,pid,hostname,node_ip,time_since_restore,iterations_since_restore,train/epoch,train/loss,train/instance_loss,train/model_iou,train/time_per_iter,val/epoch,val/loss,val/instance_loss,val/model_iou,val/metric_val
0,1734300561,checkpoint_000000,True,False,1,aec84_00000,2024-12-15_22-09-27,237.44866728782654,237.44866728782654,1104,132450dabdc2,172.17.0.4,237.44866728782654,1,0,0.33477384224534035,0.42652280509471896,0.6863134765625,1.1337846398353577,0,0.31902149964123966,45.7207595705986,0.64197998046875,0.406178841094176
1,1734300782,checkpoint_000001,True,False,2,aec84_00000,2024-12-15_22-13-03,216.28226947784424,453.7309367656708,1104,132450dabdc2,172.17.0.4,453.7309367656708,2,1,0.25963553477078677,0.34549662172794343,0.63742431640625,1.1211852884292604,1,0.21103238366544247,43.437680304050446,0.6458154296875,0.3208955265209078
2,1734301006,checkpoint_000002,True,False,3,aec84_00000,2024-12-15_22-16-52,228.6582956314087,682.3892323970795,1104,132450dabdc2,172.17.0.4,682.3892323970795,3,2,0.2113811293244362,0.32636411309242247,0.6830908203125,1.1323712062835694,2,0.20985272694379092,34.92626690864563,0.69021484375,0.29129971803476407
3,1734301235,checkpoint_000003,True,False,4,aec84_00000,2024-12-15_22-20-36,224.50343894958496,906.8926713466644,1104,132450dabdc2,172.17.0.4,906.8926713466644,4,3,0.22047400526702404,0.2809736865758896,0.6736962890625,1.114192214012146,3,0.2014339929819107,33.245971381664276,0.6835791015625,0.27950611023853217
4,1734301445,checkpoint_000004,True,False,5,aec84_00000,2024-12-15_22-24-07,210.1712384223938,1117.0639097690582,1104,132450dabdc2,172.17.0.4,1117.0639097690582,5,4,0.1868962898850441,0.2679147815704346,0.6990576171875,1.1087123799324035,4,0.21040767952799797,35.17649441957474,0.65878173828125,0.29167986575514077
5,1734301657,checkpoint_000005,True,False,6,aec84_00000,2024-12-15_22-27-38,211.38331270217896,1328.4472224712372,1104,132450dabdc2,172.17.0.4,1328.4472224712372,6,5,0.17014488562941552,0.2522984439134598,0.7144189453125,1.1059248876571655,5,0.20243971571326255,35.6865713596344,0.6674560546875,0.2946523438021541
6,1734301873,checkpoint_000006,True,False,7,aec84_00000,2024-12-15_22-31-15,217.1349334716797,1545.5821559429169,1104,132450dabdc2,172.17.0.4,1545.5821559429169,7,6,0.1727075719088316,0.2537164944410324,0.7153369140625,1.105236976146698,6,0.2049501356855035,41.01598381996155,0.68666259765625,0.31056862408916164
7,1734302096,checkpoint_000007,True,False,8,aec84_00000,2024-12-15_22-34-58,222.32854962348938,1767.9107055664062,1104,132450dabdc2,172.17.0.4,1767.9107055664062,8,7,0.18319517612457276,0.27566228866577147,0.698076171875,1.129090747833252,7,0.17806972302496432,38.14647001028061,0.67689453125,0.27613940784086793
8,1734302312,checkpoint_000008,True,False,9,aec84_00000,2024-12-15_22-38-34,215.88695216178894,1983.7976577281952,1104,132450dabdc2,172.17.0.4,1983.7976577281952,9,8,0.18040171168744565,0.2747583502531052,0.7012841796875,1.1032028818130493,8,0.17659207236021757,37.99973154067993,0.72571044921875,0.27464770653595527
9,1734302525,checkpoint_000009,True,False,10,aec84_00000,2024-12-15_22-42-07,213.16627526283264,2196.963932991028,1104,132450dabdc2,172.17.0.4,2196.963932991028,10,9,0.1741425958275795,0.26059865653514863,0.7171337890625,1.1156121349334718,9,0.17662132687866688,40.40875279903412,0.68210205078125,0.28454919586579
10,1734302742,checkpoint_000010,True,False,11,aec84_00000,2024-12-15_22-45-44,216.88457345962524,2413.848506450653,1104,132450dabdc2,172.17.0.4,2413.848506450653,11,10,0.1744455736130476,0.27342299282550814,0.7129931640625,1.1128663682937623,10,0.1742279613763094,42.17334848642349,0.6898681640625,0.28988083355128763
11,1734302961,checkpoint_000011,True,False,12,aec84_00000,2024-12-15_22-49-22,218.42263531684875,2632.271141767502,1104,132450dabdc2,172.17.0.4,2632.271141767502,12,11,0.15667152486741542,0.2866726094484329,0.731953125,1.092578055858612,11,0.1672645613923669,38.54075890779495,0.70570068359375,0.27140659353385366
12,1734303173,checkpoint_000012,True,False,13,aec84_00000,2024-12-15_22-52-55,212.7163393497467,2844.9874811172485,1104,132450dabdc2,172.17.0.4,2844.9874811172485,13,12,0.2745484034717083,0.3132813143730164,0.63084228515625,1.1051381278038024,12,0.32021163940429687,46.44143486022949,0.423746337890625,0.40137346960604214
13,1734303393,checkpoint_000013,True,False,14,aec84_00000,2024-12-15_22-56-34,219.43185186386108,3064.4193329811096,1104,132450dabdc2,172.17.0.4,3064.4193329811096,14,13,0.21070461951196193,0.2883916687965393,0.6412646484375,1.1239433908462524,13,0.1689540281891823,42.41991454362869,0.6568212890625,0.28208789208283025
14,1734303605,checkpoint_000014,True,False,15,aec84_00000,2024-12-15_23-00-06,211.65309286117554,3276.072425842285,1104,132450dabdc2,172.17.0.4,3276.072425842285,15,14,0.1802255318313837,0.30353081226348877,0.7007861328125,1.0993907999992372,14,0.17610049586743115,42.00701266527176,0.667900390625,0.28883812646071116
15,1734303821,checkpoint_000015,True,False,16,aec84_00000,2024-12-15_23-03-43,216.86350774765015,3492.9359335899353,1104,132450dabdc2,172.17.0.4,3492.9359335899353,16,15,0.18135307870805265,0.2597033649682999,0.7035546875,1.1365309739112854,15,0.18830134361982345,40.88787096738815,0.642515869140625,0.2984682647387186
16,1734304043,checkpoint_000016,True,False,17,aec84_00000,2024-12-15_23-07-25,221.882728099823,3714.8186616897583,1104,132450dabdc2,172.17.0.4,3714.8186616897583,17,16,0.15150120094418526,0.26978742957115176,0.7357470703125,1.109268684387207,16,0.15157252054661513,40.31521785259247,0.71870849609375,0.26322377422203624
17,1734304261,checkpoint_000017,True,False,18,aec84_00000,2024-12-15_23-11-03,217.8740541934967,3932.692715883255,1104,132450dabdc2,172.17.0.4,3932.692715883255,18,17,0.1416122046485543,0.2713229727745056,0.7419873046875,1.1060610842704772,17,0.13823245823383332,39.98524445295334,0.75974853515625,0.250149883342286
18,1734304483,checkpoint_000018,True,False,19,aec84_00000,2024-12-15_23-14-45,222.06997323036194,4154.762689113617,1104,132450dabdc2,172.17.0.4,4154.762689113617,19,18,0.14430483769625424,0.277860946059227,0.746201171875,1.108694727420807,18,0.15488352596759797,41.0467164516449,0.7234814453125,0.2713650493696332
19,1734304691,checkpoint_000019,True,False,20,aec84_00000,2024-12-15_23-18-12,207.54509592056274,4362.30778503418,1104,132450dabdc2,172.17.0.4,4362.30778503418,20,19,0.152722346521914,0.2612341958284378,0.7303369140625,1.1022130179405212,19,0.1662886282429099,41.46296817064285,0.6858203125,0.2799132893358668
20,1734304906,checkpoint_000020,True,False,21,aec84_00000,2024-12-15_23-21-47,215.06559348106384,4577.3733785152435,1104,132450dabdc2,172.17.0.4,4577.3733785152435,21,20,0.16638564091175795,0.2993184381723404,0.72005859375,1.107109715938568,20,0.1718374017253518,41.74855452775955,0.6911669921875,0.2879975763708353
21,1734305116,checkpoint_000021,True,False,22,aec84_00000,2024-12-15_23-25-17,209.79346990585327,4787.166848421097,1104,132450dabdc2,172.17.0.4,4787.166848421097,22,21,0.13075055584311485,0.28805956363677976,0.7539453125,1.0977612733840942,21,0.18476291730999947,41.50882649421692,0.71916748046875,0.2973689708734552
22,1734305330,checkpoint_000022,True,False,23,aec84_00000,2024-12-15_23-28-52,215.19602608680725,5002.362874507904,1104,132450dabdc2,172.17.0.4,5002.362874507904,23,22,0.15255694393068553,0.27404586791992186,0.73376953125,1.1059044361114503,22,0.15686114460229875,40.827032685279846,0.74259521484375,0.2695028279100854
23,1734305545,checkpoint_000023,True,False,24,aec84_00000,2024-12-15_23-32-30,217.6248812675476,5219.987755775452,1104,132450dabdc2,172.17.0.4,5219.987755775452,24,23,0.1351908890157938,0.2649134123325348,0.7582177734375,1.1081349396705626,23,0.1467888753861189,41.51175135374069,0.7343017578125,0.2633423211673896
24,1734305767,checkpoint_000024,True,False,25,aec84_00000,2024-12-15_23-36-09,218.5962393283844,5438.583995103836,1104,132450dabdc2,172.17.0.4,5438.583995103836,25,24,0.1327245945110917,0.28202775299549104,0.7534375,1.098374547958374,24,0.15168397024273872,40.54512161016464,0.73079345703125,0.26778286529084033
25,1734305977,checkpoint_000025,True,False,26,aec84_00000,2024-12-15_23-39-38,209.60925793647766,5648.193253040314,1104,132450dabdc2,172.17.0.4,5648.193253040314,26,25,0.14562960229814054,0.24680007934570314,0.743681640625,1.1191965436935425,25,0.14313225325196982,39.327758610248566,0.73141845703125,0.2522269408404828
26,1734306193,checkpoint_000026,True,False,27,aec84_00000,2024-12-15_23-43-16,217.6612114906311,5865.854464530945,1104,132450dabdc2,172.17.0.4,5865.854464530945,27,26,0.1468998496234417,0.25392041563987733,0.745283203125,1.112889404296875,26,0.1511660595610738,39.017328798770905,0.74,0.25996016389379895
27,1734306404,checkpoint_000027,True,False,28,aec84_00000,2024-12-15_23-46-46,209.97187423706055,6075.826338768005,1104,132450dabdc2,172.17.0.4,6075.826338768005,28,27,0.13551539659500123,0.2623586356639862,0.756083984375,1.111016194820404,27,0.1351404559239745,40.64198464155197,0.7696923828125,0.2513153783480327
28,1734306622,checkpoint_000028,True,False,29,aec84_00000,2024-12-15_23-50-24,218.0531313419342,6293.87947010994,1104,132450dabdc2,172.17.0.4,6293.87947010994,29,28,0.14589896164834498,0.26994825959205626,0.745283203125,1.110042724609375,28,0.140057827308774,40.70330631732941,0.75050537109375,0.25529559177656974
29,1734306835,checkpoint_000029,True,False,30,aec84_00000,2024-12-15_23-53-56,211.8241093158722,6505.703579425812,1104,132450dabdc2,172.17.0.4,6505.703579425812,30,29,0.1341200600937009,0.2945606881380081,0.753896484375,1.0942709159851074,29,0.14001508068293333,43.765152871608734,0.75654052734375,0.2669379198675354
30,1734307051,checkpoint_000030,True,False,31,aec84_00000,2024-12-15_23-57-33,216.45075917243958,6722.154338598251,1104,132450dabdc2,172.17.0.4,6722.154338598251,31,30,0.1480715263262391,0.26475403308868406,0.7467138671875,1.1078867244720458,30,0.16882350791245698,41.28095066547394,0.70935302734375,0.28425525857756523
31,1734307265,checkpoint_000031,True,False,32,aec84_00000,2024-12-16_00-01-06,213.93109726905823,6936.08543586731,1104,132450dabdc2,172.17.0.4,6936.08543586731,32,31,0.12403872279450297,0.2784022724628448,0.7684423828125,1.1017537331581115,31,0.1315594393759966,41.38212686777115,0.76246337890625,0.25120126336812976
32,1734307479,checkpoint_000032,True,False,33,aec84_00000,2024-12-16_00-04-40,213.4982933998108,7149.58372926712,1104,132450dabdc2,172.17.0.4,7149.58372926712,33,32,0.12145184721797704,0.27498413443565367,0.7722900390625,1.1022972249984742,32,0.13413767732679843,40.97733527421951,0.7564599609375,0.251201950137814
33,1734307700,checkpoint_000033,True,False,34,aec84_00000,2024-12-16_00-08-21,220.85225677490234,7370.435986042023,1104,132450dabdc2,172.17.0.4,7370.435986042023,34,33,0.13674990605562926,0.2591515219211578,0.760234375,1.106067292690277,33,0.12851598978042603,40.77167022228241,0.7659521484375,0.24713502682745447
34,1734307925,checkpoint_000034,True,False,35,aec84_00000,2024-12-16_00-12-07,225.76006412506104,7596.196050167084,1104,132450dabdc2,172.17.0.4,7596.196050167084,35,34,0.11941373016685247,0.2810390716791153,0.772734375,1.1075364089012145,34,0.1273009066283703,40.149528086185455,0.76208740234375,0.2444375412538648
35,1734308142,checkpoint_000035,True,False,36,aec84_00000,2024-12-16_00-15-44,216.84529304504395,7813.041343212128,1104,132450dabdc2,172.17.0.4,7813.041343212128,36,35,0.11650734432041646,0.2751820832490921,0.7787353515625,1.1163792085647584,35,0.1266460956633091,42.17235940694809,0.7665185546875,0.251211184548835
36,1734308358,checkpoint_000036,True,False,37,aec84_00000,2024-12-16_00-19-19,215.92298555374146,8028.964328765869,1104,132450dabdc2,172.17.0.4,8028.964328765869,37,36,0.12429834105074405,0.28778636038303373,0.768125,1.1007434153556823,36,0.13917972449213267,39.40014040470123,0.75108642578125,0.2532992875327666
37,1734308564,checkpoint_000037,True,False,38,aec84_00000,2024-12-16_00-22-46,206.17211246490479,8235.136441230774,1104,132450dabdc2,172.17.0.4,8235.136441230774,38,37,0.13120262268930674,0.2591149592399597,0.7682080078125,1.1078913140296935,37,0.14000832423567772,40.21442949771881,0.7582275390625,0.2552180815860628
38,1734308776,checkpoint_000038,True,False,39,aec84_00000,2024-12-16_00-26-17,211.08187627792358,8446.218317508698,1104,132450dabdc2,172.17.0.4,8446.218317508698,39,38,0.13790582731366158,0.2717697149515152,0.757685546875,1.1041114544868469,38,0.13156866177916526,41.95570421218872,0.7844677734375,0.2518165060877801
39,1734308989,checkpoint_000039,True,False,40,aec84_00000,2024-12-16_00-29-51,213.76246571540833,8659.980783224106,1104,132450dabdc2,172.17.0.4,8659.980783224106,40,39,0.15178702019155024,0.25051526486873626,0.73251953125,1.1124757528305054,39,0.1481057184189558,40.40920102596283,0.7468994140625,0.2609289801989993
40,1734309208,checkpoint_000040,True,False,41,aec84_00000,2024-12-16_00-33-33,222.6455647945404,8882.626348018646,1104,132450dabdc2,172.17.0.4,8882.626348018646,41,40,0.14114376813173293,0.2741956037282944,0.75,1.1022677874565125,40,0.14016283992677928,39.87320929765701,0.74939453125,0.2550310901676615
41,1734309421,checkpoint_000041,True,False,42,aec84_00000,2024-12-16_00-37-05,212.04377007484436,9094.67011809349,1104,132450dabdc2,172.17.0.4,9094.67011809349,42,41,0.130663239993155,0.2681183511018753,0.7607275390625,1.1082284545898438,41,0.13401514150202273,41.50627213716507,0.7632861328125,0.25374406865487503
42,1734309644,checkpoint_000042,True,False,43,aec84_00000,2024-12-16_00-40-48,222.3020761013031,9316.972194194794,1104,132450dabdc2,172.17.0.4,9316.972194194794,43,42,0.13265818567946552,0.2621786940097809,0.759619140625,1.1050196504592895,42,0.1293230752646923,41.32483834028244,0.75224853515625,0.24943521094818905
43,1734309857,checkpoint_000043,True,False,44,aec84_00000,2024-12-16_00-44-21,213.31438779830933,9530.286581993103,1104,132450dabdc2,172.17.0.4,9530.286581993103,44,43,0.13248170852661134,0.269578355550766,0.75900390625,1.0993256664276123,43,0.13614873591810464,40.075813949108124,0.753291015625,0.25223344101260103
44,1734310065,checkpoint_000044,True,False,45,aec84_00000,2024-12-16_00-47-49,207.6996726989746,9737.986254692078,1104,132450dabdc2,172.17.0.4,9737.986254692078,45,44,0.11565905425697565,0.26615346372127535,0.7837548828125,1.1024840807914733,44,0.1334484586492181,40.4885630607605,0.7651416015625,0.24855965189635756
45,1734310282,checkpoint_000045,True,False,46,aec84_00000,2024-12-16_00-51-24,214.86920166015625,9952.855456352234,1104,132450dabdc2,172.17.0.4,9952.855456352234,46,45,0.11643973084166646,0.2747050911188126,0.7804833984375,1.1027286434173584,45,0.14053064819425345,41.338921785354614,0.76365966796875,0.25779955810556815
46,1734310492,checkpoint_000046,True,False,47,aec84_00000,2024-12-16_00-54-54,209.9664306640625,10162.821887016296,1104,132450dabdc2,172.17.0.4,10162.821887016296,47,46,0.1194389634206891,0.27248178601264955,0.779443359375,1.098165261745453,46,0.14497984658926724,39.49531865119934,0.75844482421875,0.2547138194615642
47,1734310708,checkpoint_000047,True,False,48,aec84_00000,2024-12-16_00-58-30,216.46069860458374,10379.28258562088,1104,132450dabdc2,172.17.0.4,10379.28258562088,48,47,0.12972333803772926,0.24782292902469635,0.7685986328125,1.1103286123275757,47,0.13190122630447149,40.71197551488876,0.7643408203125,0.2485910433530808
48,1734310937,checkpoint_000048,True,False,49,aec84_00000,2024-12-16_01-02-18,228.02323079109192,10607.305816411972,1104,132450dabdc2,172.17.0.4,10607.305816411972,49,48,0.12106017634272576,0.27561466276645663,0.768583984375,1.1000122117996216,48,0.13030771527439355,39.71371817588806,0.76047119140625,0.24273704876502353
49,1734311148,checkpoint_000049,True,False,50,aec84_00000,2024-12-16_01-05-49,211.0230848789215,10818.328901290894,1104,132450dabdc2,172.17.0.4,10818.328901290894,50,49,0.13072195786982774,0.2839397817850113,0.76197265625,1.093897714614868,49,0.13367138750851154,40.23991537094116,0.77015869140625,0.24887622104336818
50,1734311374,checkpoint_000050,True,False,51,aec84_00000,2024-12-16_01-09-49,239.9562747478485,11058.285176038742,1104,132450dabdc2,172.17.0.4,11058.285176038742,51,50,0.13747608404606582,0.2730882966518402,0.7605517578125,1.1006173396110535,50,0.13649455025792123,37.38884961605072,0.7746630859375,0.2412757637724281
51,1734311615,checkpoint_000051,True,False,52,aec84_00000,2024-12-16_01-13-45,235.16485905647278,11293.450035095215,1104,132450dabdc2,172.17.0.4,11293.450035095215,52,51,0.125953351277858,0.24494471788406372,0.764130859375,1.1393041896820069,51,0.11964130997657776,41.351541578769684,0.776220703125,0.23959662086019923
52,1734311840,checkpoint_000052,True,False,53,aec84_00000,2024-12-16_01-17-22,217.7997601032257,11511.24979519844,1104,132450dabdc2,172.17.0.4,11511.24979519844,53,52,0.11950374709442257,0.23823697090148926,0.77814453125,1.1341600108146668,52,0.13176476161926984,39.34368473291397,0.77826171875,0.24271020961304493
53,1734312071,checkpoint_000053,True,False,54,aec84_00000,2024-12-16_01-21-13,230.0959713459015,11741.345766544342,1104,132450dabdc2,172.17.0.4,11741.345766544342,54,53,0.12878469590097666,0.24628701388835908,0.7679931640625,1.1315528297424315,53,0.1227349729463458,40.601876974105835,0.7820068359375,0.23887165596087775
54,1734312289,checkpoint_000054,True,False,55,aec84_00000,2024-12-16_01-24-51,218.0512421131134,11959.397008657455,1104,132450dabdc2,172.17.0.4,11959.397008657455,55,54,0.12648683017119766,0.26868751645088196,0.7708349609375,1.116028962135315,54,0.12387831714004278,39.794732213020325,0.78245849609375,0.2407064673925439
55,1734312500,checkpoint_000055,True,False,56,aec84_00000,2024-12-16_01-28-21,210.78851747512817,12170.185526132584,1104,132450dabdc2,172.17.0.4,12170.185526132584,56,55,0.11373099783435464,0.25842205286026,0.7782080078125,1.1061684107780456,55,0.13222244020551444,40.508038341999054,0.76059814453125,0.24856446957836545
56,1734312712,checkpoint_000056,True,False,57,aec84_00000,2024-12-16_01-31-54,212.30961060523987,12382.495136737823,1104,132450dabdc2,172.17.0.4,12382.495136737823,57,56,0.11209933869540692,0.2746365648508072,0.7932470703125,1.1000898456573487,56,0.12374989848583937,40.064850211143494,0.776875,0.2423988852649927
57,1734312944,checkpoint_000057,True,False,58,aec84_00000,2024-12-16_01-35-45,231.50499963760376,12614.000136375427,1104,132450dabdc2,172.17.0.4,12614.000136375427,58,57,0.1074153340421617,0.28318889677524567,0.7948681640625,1.1025418734550476,57,0.11820760298520326,37.23137974739075,0.79312255859375,0.22677859252939625
58,1734313158,checkpoint_000058,True,False,59,aec84_00000,2024-12-16_01-39-22,216.96768260002136,12830.967818975449,1104,132450dabdc2,172.17.0.4,12830.967818975449,59,58,0.11311943713575602,0.2861473214626312,0.785478515625,1.105439577102661,58,0.13256009344011546,37.576680064201355,0.81142578125,0.2360147140547633
59,1734313378,checkpoint_000059,True,False,60,aec84_00000,2024-12-16_01-43-00,217.31013202667236,13048.277951002121,1104,132450dabdc2,172.17.0.4,13048.277951002121,60,59,0.1182051045447588,0.259786496758461,0.7831298828125,1.1119585633277893,59,0.12903348047286273,37.216740906238556,0.761669921875,0.235450357546409
60,1734313600,checkpoint_000060,True,False,61,aec84_00000,2024-12-16_01-46-41,221.84097290039062,13270.118923902512,1104,132450dabdc2,172.17.0.4,13270.118923902512,61,60,0.13160567432641984,0.25284123957157134,0.7573974609375,1.147390513420105,60,0.13078833594918252,38.51832765340805,0.788623046875,0.2402625298500061
61,1734313811,checkpoint_000061,True,False,62,aec84_00000,2024-12-16_01-50-13,211.2763237953186,13481.39524769783,1104,132450dabdc2,172.17.0.4,13481.39524769783,62,61,0.12276962377130986,0.26855324864387514,0.781123046875,1.1119150805473328,61,0.12960100762546062,39.281894505023956,0.77972412109375,0.24304291268189737
62,1734314032,checkpoint_000062,True,False,63,aec84_00000,2024-12-16_01-53-53,220.14280152320862,13701.538049221039,1104,132450dabdc2,172.17.0.4,13701.538049221039,63,62,0.1307017187215388,0.2882593834400177,0.7626953125,1.0885873794555665,62,0.12585479132831096,38.36209225654602,0.75487548828125,0.23432600816090904
63,1734314243,checkpoint_000063,True,False,64,aec84_00000,2024-12-16_01-57-29,216.19958186149597,13917.737631082535,1104,132450dabdc2,172.17.0.4,13917.737631082535,64,63,0.1052780711837113,0.25325853645801544,0.79117919921875,1.0928293085098266,63,0.13745818581432104,37.873983681201935,0.78149658203125,0.24554085732748118
64,1734314466,checkpoint_000064,True,False,65,aec84_00000,2024-12-16_02-01-24,234.95266890525818,14152.690299987793,1104,132450dabdc2,172.17.0.4,14152.690299987793,65,64,0.11443380294367671,0.24482719719409943,0.7907421875,1.1172113990783692,64,0.14916555266827344,38.16201341152191,0.7612646484375,0.2548009991024931
65,1734314715,checkpoint_000065,True,False,66,aec84_00000,2024-12-16_02-05-17,232.41090869903564,14385.101208686829,1104,132450dabdc2,172.17.0.4,14385.101208686829,66,65,0.12035994116216898,0.25404023051261904,0.7838525390625,1.1299973011016846,65,0.1181165549531579,37.265324771404266,0.7861181640625,0.22559148337692034
66,1734314928,checkpoint_000066,True,False,67,aec84_00000,2024-12-16_02-08-50,212.9822895526886,14598.083498239517,1104,132450dabdc2,172.17.0.4,14598.083498239517,67,66,0.12237933108583093,0.27134126007556914,0.771904296875,1.1198743438720704,66,0.13723648518323897,40.27768272161484,0.755302734375,0.2524928078303734
67,1734315148,checkpoint_000067,True,False,68,aec84_00000,2024-12-16_02-12-30,219.8787820339203,14817.962280273438,1104,132450dabdc2,172.17.0.4,14817.962280273438,68,67,0.11985975496470928,0.2553702259063721,0.7677392578125,1.1259015417098999,67,0.13442447893321513,38.91657853126526,0.74954833984375,0.24417883870502316
68,1734315369,checkpoint_000068,True,False,69,aec84_00000,2024-12-16_02-16-14,223.96991086006165,15041.9321911335,1104,132450dabdc2,172.17.0.4,15041.9321911335,69,68,0.12645120322704315,0.252038431763649,0.7674609375,1.1453474807739257,68,0.12616282150149347,37.96140789985657,0.7496875,0.2365723767317832
69,1734315591,checkpoint_000069,True,False,70,aec84_00000,2024-12-16_02-19-52,218.7778172492981,15260.710008382797,1104,132450dabdc2,172.17.0.4,15260.710008382797,70,69,0.10558409631252288,0.25901215851306914,0.79169921875,1.109225344657898,69,0.14540736690163614,38.73855060338974,0.744462890625,0.253997405692935
70,1734315804,checkpoint_000070,True,False,71,aec84_00000,2024-12-16_02-23-25,212.48113918304443,15473.191147565842,1104,132450dabdc2,172.17.0.4,15473.191147565842,71,70,0.11443583890795708,0.25239005327224734,0.7790576171875,1.1265040063858032,70,0.12545234467834235,40.394605576992035,0.77623291015625,0.24449704705427094
71,1734316016,checkpoint_000071,True,False,72,aec84_00000,2024-12-16_02-27-01,216.0522358417511,15689.243383407593,1104,132450dabdc2,172.17.0.4,15689.243383407593,72,71,0.1151362830400467,0.2551594877243042,0.78142578125,1.1264011931419373,71,0.12430242344737052,40.15653592348099,0.77851806640625,0.24044992367426554
72,1734316236,checkpoint_000072,True,False,73,aec84_00000,2024-12-16_02-30-57,235.71009469032288,15924.953478097916,1104,132450dabdc2,172.17.0.4,15924.953478097916,73,72,0.1065309801325202,0.2539070349931717,0.7952783203125,1.132270996570587,72,0.135487914532423,39.56478714942932,0.77177490234375,0.24764631463835637
73,1734316477,checkpoint_000073,True,False,74,aec84_00000,2024-12-16_02-34-39,222.50710821151733,16147.460586309433,1104,132450dabdc2,172.17.0.4,16147.460586309433,74,73,0.11442287929356099,0.24228709697723388,0.7804150390625,1.1229338979721069,73,0.1329122293740511,39.776878356933594,0.74718505859375,0.24785186237345133
74,1734316696,checkpoint_000074,True,False,75,aec84_00000,2024-12-16_02-38-18,218.80968976020813,16366.270276069641,1104,132450dabdc2,172.17.0.4,16366.270276069641,75,74,0.11027163229882717,0.25560403883457183,0.7946435546875,1.1070865893363953,74,0.12376955799758434,39.535854518413544,0.76480224609375,0.2397383986661832
75,1734316916,checkpoint_000075,True,False,76,aec84_00000,2024-12-16_02-41-59,220.32534337043762,16586.59561944008,1104,132450dabdc2,172.17.0.4,16586.59561944008,76,75,0.12497676748782396,0.27391065895557404,0.7700146484375,1.127175760269165,75,0.11705715343356132,37.63335448503494,0.7850439453125,0.22673915286858862
76,1734317131,checkpoint_000076,True,False,77,aec84_00000,2024-12-16_02-45-36,217.22074484825134,16803.81636428833,1104,132450dabdc2,172.17.0.4,16803.81636428833,77,76,0.1292518001422286,0.2506071901321411,0.764619140625,1.1216741943359374,76,0.12757860485464334,39.51895731687546,0.7351513671875,0.241630793834726
77,1734317353,checkpoint_000077,True,False,78,aec84_00000,2024-12-16_02-49-18,221.9031801223755,17025.719544410706,1104,132450dabdc2,172.17.0.4,17025.719544410706,78,77,0.123801612816751,0.2655507487058639,0.7667529296875,1.1191575503349305,77,0.13402063220739366,37.143398225307465,0.7761181640625,0.23802455281217905
78,1734317578,checkpoint_000078,True,False,79,aec84_00000,2024-12-16_02-52-59,221.6444959640503,17247.364040374756,1104,132450dabdc2,172.17.0.4,17247.364040374756,79,78,0.1162755094282329,0.2424429577589035,0.7784912109375,1.1353450584411622,78,0.12677594643086196,39.8351674079895,0.76586181640625,0.24257741628835602
79,1734317797,checkpoint_000079,True,False,80,aec84_00000,2024-12-16_02-56-38,218.94518876075745,17466.309229135513,1104,132450dabdc2,172.17.0.4,17466.309229135513,80,79,0.11716229122132063,0.24869513034820556,0.783173828125,1.1216026902198792,79,0.11916358709335327,38.88869673013687,0.76822021484375,0.2322606335952878
80,1734318013,checkpoint_000080,True,False,81,aec84_00000,2024-12-16_03-00-14,216.0710723400116,17682.380301475525,1104,132450dabdc2,172.17.0.4,17682.380301475525,81,80,0.11646373242139817,0.2586768716573715,0.7810205078125,1.1187676095962524,80,0.1299152048304677,38.08881485462189,0.77603759765625,0.24087475342055167
81,1734318234,checkpoint_000081,True,False,82,aec84_00000,2024-12-16_03-03-55,220.52163338661194,17902.901934862137,1104,132450dabdc2,172.17.0.4,17902.901934862137,82,81,0.10659621292725205,0.2627812242507935,0.79642578125,1.1502964115142822,81,0.12427486661821603,37.095075368881226,0.76691162109375,0.23279355460157006
82,1734318445,checkpoint_000082,True,False,83,aec84_00000,2024-12-16_03-07-27,211.5915195941925,18114.49345445633,1104,132450dabdc2,172.17.0.4,18114.49345445633,83,82,0.1077409229800105,0.2420067620277405,0.7927197265625,1.1125299072265624,82,0.12577379811555148,35.84814351797104,0.77656982421875,0.22960998721420764
83,1734318659,checkpoint_000083,True,False,84,aec84_00000,2024-12-16_03-11-00,213.84603190422058,18328.33948636055,1104,132450dabdc2,172.17.0.4,18328.33948636055,84,83,0.10668562781065702,0.25585040628910066,0.7944775390625,1.1213519740104676,83,0.12033329654484987,40.29684978723526,0.77727783203125,0.2394798836732904
84,1734318880,checkpoint_000084,True,False,85,aec84_00000,2024-12-16_03-14-43,222.59638786315918,18550.93587422371,1104,132450dabdc2,172.17.0.4,18550.93587422371,85,84,0.12169568063691258,0.2415691602230072,0.7728076171875,1.1258247661590577,84,0.12167550258338451,38.77679622173309,0.7981787109375,0.23206498205661774
85,1734319100,checkpoint_000085,True,False,86,aec84_00000,2024-12-16_03-18-21,217.76440834999084,18768.7002825737,1104,132450dabdc2,172.17.0.4,18768.7002825737,86,85,0.13602345796301962,0.24942378342151642,0.7605908203125,1.1129909539222718,85,0.1297252898477018,39.243655264377594,0.7481640625,0.2441588692553342
86,1734319323,checkpoint_000086,True,False,87,aec84_00000,2024-12-16_03-22-14,232.75108337402344,19001.451365947723,1104,132450dabdc2,172.17.0.4,19001.451365947723,87,86,0.11689435020089149,0.25495929896831515,0.78203125,1.1578920555114747,86,0.11943315178155899,37.90018618106842,0.77653564453125,0.2296500625585516
87,1734319551,checkpoint_000087,True,False,88,aec84_00000,2024-12-16_03-25-55,221.03011512756348,19222.481481075287,1104,132450dabdc2,172.17.0.4,19222.481481075287,88,87,0.12042239647358656,0.25609006464481354,0.7814453125,1.1114034175872802,87,0.13142774816602468,35.61158365011215,0.75911376953125,0.23278552190711096
88,1734319776,checkpoint_000088,True,False,89,aec84_00000,2024-12-16_03-29-38,223.2922236919403,19445.773704767227,1104,132450dabdc2,172.17.0.4,19445.773704767227,89,88,0.12212692515924573,0.24357998013496399,0.767734375,1.175633854866028,88,0.12306276932358742,37.06749242544174,0.78218994140625,0.2304362911110123
89,1734319991,checkpoint_000089,True,False,90,aec84_00000,2024-12-16_03-33-13,214.5745508670807,19660.348255634308,1104,132450dabdc2,172.17.0.4,19660.348255634308,90,89,0.12265521274879575,0.24005816578865052,0.7724560546875,1.121484134197235,89,0.11328884195536375,39.070564687252045,0.778125,0.23021437076230844
90,1734320206,checkpoint_000090,True,False,91,aec84_00000,2024-12-16_03-36-51,218.05397582054138,19878.40223145485,1104,132450dabdc2,172.17.0.4,19878.40223145485,91,90,0.11967560641467571,0.2278328502178192,0.7850830078125,1.142419035434723,90,0.11313328698277474,38.12985211610794,0.762666015625,0.2265137375270327
91,1734320423,checkpoint_000091,True,False,92,aec84_00000,2024-12-16_03-40-25,213.84651112556458,20092.248742580414,1104,132450dabdc2,172.17.0.4,20092.248742580414,92,91,0.10653656799346209,0.2523699522018433,0.7906787109375,1.1220743656158447,91,0.12555785913020373,37.50078296661377,0.76011474609375,0.23369310701886806
92,1734320635,checkpoint_000092,True,False,93,aec84_00000,2024-12-16_03-43-57,212.025705575943,20304.274448156357,1104,132450dabdc2,172.17.0.4,20304.274448156357,93,92,0.11901993218809366,0.25905322909355166,0.7734716796875,1.116778733730316,92,0.12181588545441628,39.052021861076355,0.75203125,0.2360527720799048
93,1734320848,checkpoint_000093,True,False,94,aec84_00000,2024-12-16_03-47-32,215.5299289226532,20519.80437707901,1104,132450dabdc2,172.17.0.4,20519.80437707901,94,93,0.10809105945751071,0.2609633719921112,0.790224609375,1.117545304298401,93,0.11904122494161129,39.545224487781525,0.748916015625,0.23754382827629633
94,1734321067,checkpoint_000094,True,False,95,aec84_00000,2024-12-16_03-51-11,218.93665552139282,20738.741032600403,1104,132450dabdc2,172.17.0.4,20738.741032600403,95,94,0.10545384565368295,0.24832285284996033,0.7970068359375,1.1169826197624206,94,0.12689122814685105,40.26286268234253,0.7667578125,0.24415903378278017
95,1734321285,checkpoint_000095,True,False,96,aec84_00000,2024-12-16_03-54-47,215.65532779693604,20954.39636039734,1104,132450dabdc2,172.17.0.4,20954.39636039734,96,95,0.10872512884438038,0.2526888161897659,0.792216796875,1.1211838984489442,95,0.13586297649890183,35.90254229307175,0.7517578125,0.23891855679452412
96,1734321507,checkpoint_000096,True,False,97,aec84_00000,2024-12-16_03-58-29,222.4147801399231,21176.811140537262,1104,132450dabdc2,172.17.0.4,21176.811140537262,97,96,0.10242371790111066,0.25412854611873625,0.7953955078125,1.1344981861114503,96,0.1384160326421261,40.49919384717941,0.74899658203125,0.25333123630533616
97,1734321731,checkpoint_000097,True,False,98,aec84_00000,2024-12-16_04-02-14,224.43303990364075,21401.244180440903,1104,132450dabdc2,172.17.0.4,21401.244180440903,98,97,0.10496890734881163,0.2464783602952957,0.7941650390625,1.1549760007858276,97,0.12449732881039381,38.006133019924164,0.7695947265625,0.23500057835131882
98,1734321947,checkpoint_000098,True,False,99,aec84_00000,2024-12-16_04-05-49,215.30196809768677,21616.54614853859,1104,132450dabdc2,172.17.0.4,21616.54614853859,99,98,0.10968777779489755,0.2402367478609085,0.7919580078125,1.123689227104187,98,0.12670960247516633,36.22402608394623,0.769560546875,0.2310697914535801
99,1734322165,checkpoint_000099,True,False,100,aec84_00000,2024-12-16_04-09-28,218.96362948417664,21835.509778022766,1104,132450dabdc2,172.17.0.4,21835.509778022766,100,99,0.10962037194520236,0.25188978731632233,0.79224609375,1.1337215161323548,99,0.13711896050721406,36.70926982164383,0.7286474609375,0.2411374751230081
